{"cameraMode":{"drawMode":0,"name":"Shaded","section":"Shading Mode"},"sceneLighting":false,"audioPlay":false,"sceneViewState":{"showFog":false,"showMaterialUpdate":false,"showSkybox":false,"showFlares":false,"showImageEffects":false,"showParticleSystems":false},"in2DMode":false,"pivot":{"x":-22.843828201293947,"y":23.447208404541017,"z":-51.91039276123047},"rotation":{"x":-0.45937636494636538,"y":0.007192193530499935,"z":-0.003719744738191366,"w":-0.8882048726081848},"size":8.851988792419434,"orthographic":false}